"1153","systemtrans-experienced-cdl-a-drivers","System Transport  - Experienced Base","System Trans | Experienced CDL A Drivers","tbl_intermodal","0","1",NULL,"2019-06-05 21:09:40"
"1156","jjw-experienced-cdl-a-bulk-transport-tanker-drivers","JJW - Bulk Transport Tanker- Exp Base","JJW | Experience CDL A Drivers | Bulk Transport Tanker","tbl_intermodal","0","1",NULL,"2019-06-17 23:36:12"
"1157","twt-experienced-cdl-a-drivers","TWT Experienced Base","TWT | Experienced CDL A Drivers ","tbl_intermodal","0","1",NULL,"2019-06-18 23:17:07"
"1158","systemtrans-recent-cdl-a-drivers","System Transport - Recent CDL-A Base","System Transport | Recent CDL A Drivers","tbl_intermodal","0","1",NULL,"2019-06-20 18:03:10"
"1159","twt-recent-cdl-a-drivers","TWT Recent CDL-A Base","TWT | Recent CDL A Drivers","tbl_intermodal","0","1",NULL,"2019-06-20 18:03:10"
"1160","twt-team-cdl-a-drivers","TWT Team CDL-A Base","TWT | Team CDL A Drivers","tbl_intermodal","0","1",NULL,"2019-06-20 18:03:10"
"1164","systemtrans-team-cdl-a-drivers","System Transport - Team Base","System Transport | Team CDL A Drivers","tbl_intermodal","0","1",NULL,"2019-06-24 14:38:12"
"1165","team-cdl-a-drivers/alltruckjobs","All Truck Jobs","System Trans | Team CDL A Drivers","tbl_intermodal","0","1",NULL,"2019-06-24 20:12:14"
"1166","experience-cdl-a-drivers/alltruckjobs","All Truck Jobs","System Trans | Experience CDL A Drivers","tbl_intermodal","0","1",NULL,"2019-06-25 12:21:36"
"1176","jjw-experienced-cdl-a-tanker-drivers","JJW - Exp - Tanker Base","JJW | Experience CDL A Drivers | Tanker","tbl_intermodal","0","1",NULL,"2019-06-25 22:07:16"
"1178","jjw-experience-cdl-a-drivers/indeed/versionA","Indeed","JJW | Experience CDL A Drivers | Tanker & Bulk Transport","tbl_intermodal","0","1",NULL,"2019-06-27 15:29:25"
"1179","jjw-experienced-cdl-a-drivers/alltruckjobs/versionA","All Truck Jobs","JJW | Experience CDL A Drivers | Tanker & Bulk Transport","tbl_intermodal","0","1",NULL,"2019-06-27 15:38:47"
"1180","twt-team-cdl-a-drivers/alltruckjobs/versionA","All Truck Jobs","TWT | Team CDL A Drivers","tbl_intermodal","0","1",NULL,"2019-06-27 18:09:39"
"1181","twt-experienced-cdl-a-drivers/alltruckjobs/versionA","All Truck Jobs","TWT | Experienced CDL A Drivers | All Truck Jobs","tbl_intermodal","0","1",NULL,"2019-06-27 18:51:48"
"1182","systemtrans-experienced-cdl-a-drivers/alltruckjobs/versionA","All Truck Jobs","System Trans | Experienced CDL A Drivers | All Truck Jobs","tbl_intermodal","0","1",NULL,"2019-06-27 20:26:57"
"1183","systemtrans-team-cdl-a-drivers/alltruckjobs/versionA","All Truck Jobs","System Transport | Team CDL A Drivers | All Truck Jobs","tbl_intermodal","0","1",NULL,"2019-06-27 20:30:44"
"1184","twt-team-cdl-a-drivers/cdlmarketing/versionA","CDL Marketing","TWT | Team CDL A Drivers | CDL Marketing","tbl_intermodal","0","1",NULL,"2019-06-27 21:33:14"
"1185","twt-experienced-cdl-a-drivers/cdlmarketing/versionA","CDL Marketing","TWT | Experienced CDL A Drivers | CDL Marketing","tbl_intermodal","0","1",NULL,"2019-06-27 21:37:37"
"1186","jjw-experienced-cdl-a-drivers/CDLMarketing/versionA","CDL Marketing","JJW | Experience CDL A Drivers | Tanker & Bulk Transport","tbl_intermodal","0","1",NULL,"2019-06-27 21:41:43"
"1187","systemtrans-experienced-cdl-a-drivers/cdlmarketing/versionA","CDL Marketing","System Trans | Experienced CDL A Drivers","tbl_intermodal","0","1",NULL,"2019-06-27 21:47:52"
"1188","systemtrans-team-cdl-a-drivers/cdlmarketing/versionA","CDL Marketing","System Transport | Team CDL A Drivers","tbl_intermodal","0","1",NULL,"2019-06-27 21:50:48"
"1189","systemtrans-experienced-cdl-a-drivers/jobsintrucks/versionA","Jobs In Trucks","System Trans | Experienced CDL A Drivers","tbl_intermodal","0","1",NULL,"2019-06-27 22:04:12"
"1190","systemtrans-team-cdl-a-drivers/jobsintrucks/versionA","Jobs In Trucks","System Transport | Team CDL A Drivers","tbl_intermodal","0","1",NULL,"2019-06-27 22:08:48"
"1191","jjw-experienced-cdl-a-drivers/jobsintrucks/versionA","Jobs In Trucks","JJW | Experience CDL A Drivers | Tanker & Bulk Transport","tbl_intermodal","0","1",NULL,"2019-06-27 22:11:08"
"1192","systemtrans-experienced-cdl-a-drivers/craigslist/versionA","Craigslist","System Trans | Experienced CDL A Drivers","tbl_intermodal","0","1",NULL,"2019-06-27 22:24:34"
"1193","systemtrans-team-cdl-a-drivers/craigslist/versionA","Craigslist","System Transport | Team CDL A Drivers","tbl_intermodal","0","1",NULL,"2019-06-27 22:26:25"
"1194","jjw-experienced-cdl-a-drivers/craigslist/versionA","Craigslist","JJW | Experience CDL A Drivers | Tanker & Bulk Transport","tbl_intermodal","0","1",NULL,"2019-06-27 22:29:35"
"1195","twt-experienced-cdl-a-drivers/craigslist/versionA","Craigslist","TWT | Experienced CDL A Drivers ","tbl_intermodal","0","1",NULL,"2019-06-27 22:32:50"
"1196","twt-experienced-cdl-a-drivers/jobsintrucks/versionA","Jobs In Trucks","TWT | Experienced CDL A Drivers ","tbl_intermodal","0","1",NULL,"2019-06-27 22:40:28"
"1197","twt-team-cdl-a-drivers/craigslist/versionA","Craigslist","TWT | Team CDL A Drivers","tbl_intermodal","0","1",NULL,"2019-06-27 22:49:44"
"1198","systemtrans-experienced-cdl-a-drivers/hiringdriversnow/versionA","Hiring Drivers Now","System Trans | Experienced CDL A Drivers","tbl_intermodal","0","1",NULL,"2019-06-27 22:54:20"
"1199","systemtrans-team-cdl-a-drivers/hiringdriversnow/versionA","Hiring Drivers Now","System Transport | Team CDL A Drivers","tbl_intermodal","0","1",NULL,"2019-06-27 22:57:57"
"1200","jjw-experienced-cdl-a-drivers/hiringdriversnow/versionA","Hiring Drivers Now","JJW | Experience CDL A Drivers | Tanker & Bulk Transport","tbl_intermodal","0","1",NULL,"2019-06-27 23:00:28"
"1201","systemtrans-experienced-cdl-a-drivers/truckdrivingjobs/versionA","Truck Driving Jobs","System Trans | Experienced CDL A Drivers","tbl_intermodal","0","1",NULL,"2019-06-27 23:09:25"
"1202","systemtrans-team-cdl-a-drivers/truckdrivingjobs/versionA","Truck Driving Jobs","System Transport | Team CDL A Drivers","tbl_intermodal","0","1",NULL,"2019-06-27 23:13:12"
"1203","twt-experienced-cdl-a-drivers/truckdrivingjobs/versionA","Truck Driving Jobs","TWT | Experienced CDL A Drivers ","tbl_intermodal","0","1",NULL,"2019-06-27 23:16:10"
"1204","twt-team-cdl-a-drivers/truckdrivingjobs/versionA","Truck Driving Jobs","TWT | Team CDL A Drivers","tbl_intermodal","0","1",NULL,"2019-06-27 23:21:17"
"1205","jjw-experienced-cdl-a-drivers/truckdrivingjobscdlapp/versionA","Truck Driving Jobs - CDLApp.com","JJW | Experience CDL A Drivers | Tanker & Bulk Transport","tbl_intermodal","0","1",NULL,"2019-06-27 23:23:40"
"1206","systemtrans-experienced-cdl-a-drivers/americandrivernetwork/versionA","American Driver Network","System Trans | Experienced CDL A Drivers","tbl_intermodal","0","1",NULL,"2019-06-27 23:29:51"
"1207","systemtrans-team-cdl-a-drivers/americandrivernetwork/versionA","American Driver Network","System Transport | Team CDL A Drivers","tbl_intermodal","0","1",NULL,"2019-06-27 23:31:51"
"1208","twt-experienced-cdl-a-drivers/americandrivernetwork/versionA","American Driver Network","TWT | Experienced CDL A Drivers ","tbl_intermodal","0","1",NULL,"2019-06-27 23:34:21"
"1209","twt-team-cdl-a-drivers/americandrivernetwork/versionA","American Driver Network","TWT | Team CDL A Drivers","tbl_intermodal","0","1",NULL,"2019-06-27 23:36:25"
"1210","jjw-experienced-cdl-a-drivers/americandrivernetwork/versionA","American Driver Network","JJW | Experience CDL A Drivers | Tanker & Bulk Transport","tbl_intermodal","0","1",NULL,"2019-06-27 23:38:11"
"1211","systemtrans-experienced-cdl-a-drivers/cdljobs/versionA","CDL Jobs","System Trans | Experienced CDL A Drivers","tbl_intermodal","0","1",NULL,"2019-06-27 23:44:07"
"1212","systemtrans-team-cdl-a-drivers/cdljobs/versionA","CDL Jobs","System Transport | Team CDL A Drivers","tbl_intermodal","0","1",NULL,"2019-06-27 23:45:29"
"1213","twt-experienced-cdl-a-drivers/cdljobs/versionA","CDL Jobs","TWT | Experienced CDL A Drivers ","tbl_intermodal","0","1",NULL,"2019-06-27 23:47:22"
"1214","twt-team-cdl-a-drivers/cdljobs/versionA","CDL Jobs","TWT | Team CDL A Drivers","tbl_intermodal","0","1",NULL,"2019-06-27 23:48:49"
"1215","jjw-experienced-cdl-a-drivers/cdljobs/versionA","CDL Jobs","JJW | Experience CDL A Drivers | Tanker & Bulk Transport","tbl_intermodal","0","1",NULL,"2019-06-27 23:50:24"
"1216","systemtrans-experienced-cdl-a-drivers/fatj/versionA","Find A Trucker Job","System Trans | Experienced CDL A Drivers","tbl_intermodal","0","1",NULL,"2019-06-27 23:54:12"
"1217","jjw-experienced-cdl-a-drivers/fatj/versionA","Find A Trucker Job","JJW | Experience CDL A Drivers | Tanker & Bulk Transport","tbl_intermodal","0","1",NULL,"2019-06-27 23:56:02"
"1218","systemtrans-team-cdl-a-drivers/fatj/versionA","Find A Trucker Job","System Transport | Team CDL A Drivers","tbl_intermodal","0","1",NULL,"2019-06-27 23:58:13"
"1219","twt-experienced-cdl-a-drivers/fatj/versionA","Find A Trucker Job","TWT | Experienced CDL A Drivers ","tbl_intermodal","0","1",NULL,"2019-06-28 00:00:07"
"1220","twt-team-cdl-a-drivers/fatj/versionA","Find A Trucker Job","TWT | Team CDL A Drivers","tbl_intermodal","0","1",NULL,"2019-06-28 00:02:14"
"1221","systemtrans-experienced-cdl-a-drivers/hiremaster/versionA","HireMaster","System Trans | Experienced CDL A Drivers","tbl_intermodal","0","1",NULL,"2019-06-28 00:08:30"
"1222","systemtrans-team-cdl-a-drivers/hiremaster/versionA","HireMaster","System Transport | Team CDL A Drivers","tbl_intermodal","0","1",NULL,"2019-06-28 00:10:05"
"1223","twt-experienced-cdl-a-drivers/hiremaster/versionA","HireMaster","TWT | Experienced CDL A Drivers ","tbl_intermodal","0","1",NULL,"2019-06-28 00:11:29"
"1224","twt-team-cdl-a-drivers/hiremaster/versionA","HireMaster","TWT | Team CDL A Drivers","tbl_intermodal","0","1",NULL,"2019-06-28 00:13:00"
"1225","jjw-experienced-cdl-a-drivers/hiremaster/versionA","HireMaster","JJW | Experience CDL A Drivers | Tanker & Bulk Transport","tbl_intermodal","0","1",NULL,"2019-06-28 00:14:30"
"1227","systemtrans-experienced-cdl-a-drivers/randallreilly/versionA","Randall Reilly - GA","System Trans | Experienced CDL A Drivers","tbl_intermodal","0","1",NULL,"2019-06-28 00:26:36"
"1228","systemtrans-team-cdl-a-drivers/randallreilly/versionA","Randall Reilly - GA","System Transport | Team CDL A Drivers","tbl_intermodal","0","1",NULL,"2019-06-28 00:29:56"
"1229","twt-experienced-cdl-a-drivers/randallreilly/versionA","Randall Reilly","TWT | Experienced CDL A Drivers ","tbl_intermodal","0","1",NULL,"2019-06-28 00:31:29"
"1230","twt-team-cdl-a-drivers/randallreilly/versionA","Randall Reilly","TWT | Team CDL A Drivers","tbl_intermodal","0","1",NULL,"2019-06-28 00:33:45"
"1231","jjw-experienced-cdl-a-drivers/randallreilly/versionA","Randall Reilly - GA","JJW | Experience CDL A Drivers | Tanker & Bulk Transport","tbl_intermodal","0","1",NULL,"2019-06-28 00:35:17"
"1232","systemtrans-team-cdl-a-drivers/indeed/versionA","Indeed","System Transport | Team CDL A Drivers","tbl_intermodal","0","1",NULL,"2019-06-28 00:38:07"
"1235","twt-team-cdl-a-drivers/indeed/versionA","Indeed","TWT | Team CDL A Drivers","tbl_intermodal","0","1",NULL,"2019-06-28 00:42:43"
"1236","systemtrans-experienced-cdl-a-drivers/facebook/versionA","Facebook","System Trans | Experienced CDL A Drivers","tbl_intermodal","0","1",NULL,"2019-06-28 14:21:41"
"1237","systemtrans-team-cdl-a-drivers/facebook/versionA","Facebook","System Transport | Team CDL A Drivers","tbl_intermodal","0","1",NULL,"2019-06-28 14:27:13"
"1238","twt-experienced-cdl-a-drivers/facebook/versionA","Facebook","TWT | Experienced CDL A Drivers ","tbl_intermodal","0","1",NULL,"2019-06-28 15:04:07"
"1239","twt-team-cdl-a-drivers/facebook/versionA","Facebook","TWT | Team CDL A Drivers","tbl_intermodal","0","1",NULL,"2019-06-28 15:06:23"
"1240","jjw-experienced-cdl-a-drivers/facebook/versionA","Facebook","JJW | Experience CDL A Drivers | Tanker & Bulk Transport","tbl_intermodal","0","1",NULL,"2019-06-28 15:08:53"
"1241","systemtrans-experience-cdl-a-drivers/indeed/versionA","Indeed","System Trans | Experienced CDL A Drivers","tbl_intermodal","0","1",NULL,"2019-07-01 01:58:54"
"1242","twt-team-cdl-a-drivers/jobsintrucks/versionA","Jobs In Trucks","TWT | Team CDL A Drivers","tbl_intermodal","0","1",NULL,"2019-07-01 10:52:17"
"1243","twt-experience-cdl-a-drivers/indeed/versionA","Indeed","TWT | Experienced CDL A Drivers ","tbl_intermodal","0","1",NULL,"2019-07-01 12:36:15"
"1244","systemtrans-experienced-cdl-a-drivers/google/versionA","Google","System Trans | Experienced CDL A Drivers","tbl_intermodal","0","1",NULL,"2019-07-17 13:59:47"
"1245","systemtrans-experienced-cdl-a-drivers-version-b","System Transport  - Experienced Base Version B","System Trans | Experienced CDL A Drivers Version B","tbl_intermodal","0","1",NULL,"2019-07-17 14:37:06"
"1246","systemtrans-recent-cdl-a-drivers-version-b","System Transport - Recent CDL-A Base Version B","System Transport | Recent CDL A Drivers Version B","tbl_intermodal","0","1",NULL,"2019-07-17 14:42:31"
"1247","systemtrans-team-cdl-a-drivers-version-b","System Transport - Team Base Version B","System Transport | Team CDL A Drivers Version B","tbl_intermodal","0","1",NULL,"2019-07-17 14:47:33"
"1248","jjw-experienced-cdl-a-bulk-transport-tanker-drivers-version-b","JJW - Bulk Transport Tanker- Exp Base Version B","JJW | Experience CDL A Drivers | Bulk Transport Tanker Version B","tbl_intermodal","0","1",NULL,"2019-07-17 14:51:06"
"1249","twt-experienced-cdl-a-drivers-version-b","TWT Experienced Base Version B","TWT | Experienced CDL A Drivers Version B","tbl_intermodal","0","1",NULL,"2019-07-17 15:25:34"
"1250","twt-recent-cdl-a-drivers-version-b","TWT Recent CDL-A Base Version B","TWT | Recent CDL A Drivers Version B","tbl_intermodal","0","1",NULL,"2019-07-17 15:45:26"
"1251","twt-team-cdl-a-drivers-version-b","TWT Team CDL-A Base Version B","TWT | Team CDL A Drivers Version B","tbl_intermodal","0","1",NULL,"2019-07-17 15:47:58"
"1252","systemtrans-experienced-cdl-a-drivers/alltruckjobs/versionB","All Truck Jobs","System Trans | Experienced CDL A Drivers | All Truck Jobs","tbl_intermodal","0","1",NULL,"2019-08-24 14:24:43"
"1253","systemtrans-team-cdl-a-drivers/alltruckjobs/versionB","All Truck Jobs","System Transport | Team CDL A Drivers Version B | All Truck Jobs","tbl_intermodal","0","1",NULL,"2019-08-24 14:29:09"
"1254","twt-experienced-cdl-a-drivers/alltruckjobs/versionB","All Truck Jobs","TWT | Experienced CDL A Drivers Version B | All Truck Jobs","tbl_intermodal","0","1",NULL,"2019-08-24 14:37:39"
"1255","twt-team-cdl-a-drivers/alltruckjobs/versionB","All Truck Jobs","TWT | Team CDL A Drivers Version B | All Truck Jobs","tbl_intermodal","0","1",NULL,"2019-08-24 14:39:54"
"1256","jjw-experienced-cdl-a-drivers/alltruckjobs/versionB","All Truck Jobs","JJW | Experience CDL A Drivers | Bulk Transport Tanker Version B | All Truck Jobs","tbl_intermodal","0","1",NULL,"2019-08-24 14:46:52"
"1257","systemtrans-experienced-cdl-a-drivers/americandrivernetwork/versionB","American Driver Network","System Trans | Experienced CDL A Drivers Version B","tbl_intermodal","0","1",NULL,"2019-08-24 14:56:52"
"1258","systemtrans-team-cdl-a-drivers/americandrivernetwork/versionB","American Driver Network","System Transport | Team CDL A Drivers Version B","tbl_intermodal","0","1",NULL,"2019-08-24 14:58:40"
"1259","twt-experienced-cdl-a-drivers/americandrivernetwork/versionB","American Driver Network","TWT | Experienced CDL A Drivers Version B","tbl_intermodal","0","1",NULL,"2019-08-24 15:00:29"
"1260","twt-team-cdl-a-drivers/americandrivernetwork/versionB","American Driver Network","TWT | Team CDL A Drivers Version B","tbl_intermodal","0","1",NULL,"2019-08-24 15:01:46"
"1261","jjw-experienced-cdl-a-drivers/americandrivernetwork/versionB","American Driver Network","JJW | Experience CDL A Drivers | Bulk Transport Tanker Version B","tbl_intermodal","0","1",NULL,"2019-08-24 15:03:36"
"1262","systemtrans-experienced-cdl-a-drivers/cdlmarketing/versionB","CDL Marketing","System Trans | Experienced CDL A Drivers Version B","tbl_intermodal","0","1",NULL,"2019-08-24 15:11:08"
"1263","systemtrans-team-cdl-a-drivers/cdlmarketing/versionB","CDL Marketing","System Transport | Team CDL A Drivers Version B","tbl_intermodal","0","1",NULL,"2019-08-24 15:12:37"
"1264","twt-experienced-cdl-a-drivers/cdlmarketing/versionB","CDL Marketing","TWT | Experienced CDL A Drivers Version B","tbl_intermodal","0","1",NULL,"2019-08-24 15:14:01"
"1265","twt-team-cdl-a-drivers/cdlmarketing/versionB","CDL Marketing","TWT | Team CDL A Drivers Version B","tbl_intermodal","0","1",NULL,"2019-08-24 15:15:23"
"1266","jjw-experienced-cdl-a-drivers/cdlmarketing/versionB","CDL Marketing","JJW | Experience CDL A Drivers | Bulk Transport Tanker Version B","tbl_intermodal","0","1",NULL,"2019-08-24 15:16:34"
"1267","systemtrans-experienced-cdl-a-drivers/cdljobs/versionB","CDLJobs","System Trans | Experienced CDL A Drivers Version B","tbl_intermodal","0","1",NULL,"2019-08-24 15:22:46"
"1268","systemtrans-team-cdl-a-drivers/cdljobs/versionB","CDLJobs","System Transport | Team CDL A Drivers Version B","tbl_intermodal","0","1",NULL,"2019-08-24 15:25:09"
"1269","twt-experienced-cdl-a-drivers/cdljobs/versionB","CDLJobs","TWT | Experienced CDL A Drivers Version B","tbl_intermodal","0","1",NULL,"2019-08-24 15:26:44"
"1270","twt-team-cdl-a-drivers/cdljobs/versionB","CDLJobs","TWT | Team CDL A Drivers Version B","tbl_intermodal","0","1",NULL,"2019-08-24 15:27:57"
"1271","jjw-experienced-cdl-a-drivers/cdljobs/versionB","CDLJobs","JJW | Experience CDL A Drivers | Bulk Transport Tanker Version B","tbl_intermodal","0","1",NULL,"2019-08-24 15:29:28"
"1272","systemtrans-experienced-cdl-a-drivers/craigslist/versionB","Craigslist","System Trans | Experienced CDL A Drivers Version B","tbl_intermodal","0","1",NULL,"2019-08-24 15:31:09"
"1273","systemtrans-team-cdl-a-drivers/craigslist/versionB","Craigslist","System Transport | Team CDL A Drivers Version B","tbl_intermodal","0","1",NULL,"2019-08-24 15:32:34"
"1274","twt-experienced-cdl-a-drivers/craigslist/versionB","Craigslist","TWT | Experienced CDL A Drivers Version B","tbl_intermodal","0","1",NULL,"2019-08-24 15:33:52"
"1275","twt-team-cdl-a-drivers/craigslist/versionB","Craigslist","TWT | Team CDL A Drivers Version B","tbl_intermodal","0","1",NULL,"2019-08-24 15:35:28"
"1276","jjw-experienced-cdl-a-drivers/craigslist/versionB","Craigslist","JJW | Experience CDL A Drivers | Bulk Transport Tanker Version B","tbl_intermodal","0","1",NULL,"2019-08-24 15:36:40"
"1277","systemtrans-experienced-cdl-a-drivers/fatj/versionB","Find A Trucker Job","System Trans | Experienced CDL A Drivers Version B","tbl_intermodal","0","1",NULL,"2019-08-24 15:38:12"
"1278","systemtrans-team-cdl-a-drivers/fatj/versionB","Find A Trucker Job","System Transport | Team CDL A Drivers Version B","tbl_intermodal","0","1",NULL,"2019-08-24 15:39:30"
"1279","twt-experienced-cdl-a-drivers/fatj/versionB","Find A Trucker Job","TWT | Experienced CDL A Drivers Version B","tbl_intermodal","0","1",NULL,"2019-08-24 15:40:43"
"1280","twt-team-cdl-a-drivers/fatj/versionB","Find A Trucker Job","TWT | Team CDL A Drivers Version B","tbl_intermodal","0","1",NULL,"2019-08-24 15:41:58"
"1281","jjw-experienced-cdl-a-drivers/fatj/versionB","Find A Trucker Job","JJW | Experience CDL A Drivers | Bulk Transport Tanker Version B","tbl_intermodal","0","1",NULL,"2019-08-24 15:42:59"
"1282","systemtrans-experienced-cdl-a-drivers/hiremaster/versionB","HireMaster","System Trans | Experienced CDL A Drivers Version B","tbl_intermodal","0","1",NULL,"2019-08-24 15:44:25"
"1283","systemtrans-team-cdl-a-drivers/hiremaster/versionB","HireMaster","System Transport | Team CDL A Drivers Version B","tbl_intermodal","0","1",NULL,"2019-08-24 15:45:41"
"1284","twt-experienced-cdl-a-drivers/hiremaster/versionB","HireMaster","TWT | Experienced CDL A Drivers Version B","tbl_intermodal","0","1",NULL,"2019-08-24 15:48:02"
"1285","twt-team-cdl-a-drivers/hiremaster/versionB","HireMaster","TWT | Team CDL A Drivers Version B","tbl_intermodal","0","1",NULL,"2019-08-24 15:48:56"
"1286","jjw-experienced-cdl-a-drivers/hiremaster/versionB","HireMaster","JJW | Experience CDL A Drivers | Bulk Transport Tanker Version B","tbl_intermodal","0","1",NULL,"2019-08-24 15:49:55"
"1287","systemtrans-experienced-cdl-a-drivers/hiringdriversnow/versionB","Hiring Drivers Now","System Trans | Experienced CDL A Drivers Version B","tbl_intermodal","0","1",NULL,"2019-08-24 15:51:09"
"1288","systemtrans-team-cdl-a-drivers/hiringdriversnow/versionB","Hiring Drivers Now","System Transport | Team CDL A Drivers Version B","tbl_intermodal","0","1",NULL,"2019-08-24 15:52:26"
"1289","twt-experienced-cdl-a-drivers/hiringdriversnow/versionB","Hiring Drivers Now","TWT | Experienced CDL A Drivers Version B","tbl_intermodal","0","1",NULL,"2019-08-24 15:53:36"
"1290","twt-team-cdl-a-drivers/hiringdriversnow/versionB","Hiring Drivers Now","TWT | Team CDL A Drivers Version B","tbl_intermodal","0","1",NULL,"2019-08-24 15:54:55"
"1291","jjw-experienced-cdl-a-drivers/hiringdriversnow/versionB","Hiring Drivers Now","JJW | Experience CDL A Drivers | Bulk Transport Tanker Version B","tbl_intermodal","0","1",NULL,"2019-08-24 15:56:00"
"1292","systemtrans-experienced-cdl-a-drivers/indeed/versionB","Indeed","System Trans | Experienced CDL A Drivers Version B","tbl_intermodal","0","1",NULL,"2019-08-24 15:58:08"
"1293","systemtrans-team-cdl-a-drivers/indeed/versionB","Indeed","System Transport | Team CDL A Drivers Version B","tbl_intermodal","0","1",NULL,"2019-08-24 15:59:14"
"1294","twt-experienced-cdl-a-drivers/indeed/versionB","Indeed","TWT | Experienced CDL A Drivers Version B","tbl_intermodal","0","1",NULL,"2019-08-24 16:00:41"
"1295","twt-team-cdl-a-drivers/indeed/versionB","Indeed","TWT | Team CDL A Drivers Version B","tbl_intermodal","0","1",NULL,"2019-08-24 16:01:50"
"1296","jjw-experienced-cdl-a-drivers/indeed/versionB","Indeed","JJW | Experience CDL A Drivers | Bulk Transport Tanker Version B","tbl_intermodal","0","1",NULL,"2019-08-24 16:02:58"
"1297","systemtrans-experienced-cdl-a-drivers/jobsintrucks/versionB","Jobs In Trucks","System Trans | Experienced CDL A Drivers Version B","tbl_intermodal","0","1",NULL,"2019-08-24 16:04:34"
"1298","systemtrans-team-cdl-a-drivers/jobsintrucks/versionB","Jobs In Trucks","System Transport | Team CDL A Drivers Version B","tbl_intermodal","0","1",NULL,"2019-08-24 16:05:42"
"1299","twt-experienced-cdl-a-drivers/jobsintrucks/versionB","Jobs In Trucks","TWT | Experienced CDL A Drivers Version B","tbl_intermodal","0","1",NULL,"2019-08-24 16:07:19"
"1300","twt-team-cdl-a-drivers/jobsintrucks/versionB","Jobs In Trucks","TWT | Team CDL A Drivers Version B","tbl_intermodal","0","1",NULL,"2019-08-24 16:08:14"
"1301","jjw-experienced-cdl-a-drivers/jobsintrucks/versionB","Jobs In Trucks","JJW | Experience CDL A Drivers | Bulk Transport Tanker Version B","tbl_intermodal","0","1",NULL,"2019-08-24 16:09:10"
"1302","systemtrans-experienced-cdl-a-drivers/truckdrivingjobs/versionB","Truck Driving Jobs","System Trans | Experienced CDL A Drivers Version B","tbl_intermodal","0","1",NULL,"2019-08-24 16:12:11"
"1303","systemtrans-team-cdl-a-drivers/truckdrivingjobs/versionB","Truck Driving Jobs","System Transport | Team CDL A Drivers Version B","tbl_intermodal","0","1",NULL,"2019-08-24 16:13:12"
"1304","twt-experienced-cdl-a-drivers/truckdrivingjobs/versionB","Truck Driving Jobs","TWT | Experienced CDL A Drivers Version B","tbl_intermodal","0","1",NULL,"2019-08-24 16:14:10"
"1305","twt-team-cdl-a-drivers/truckdrivingjobs/versionB","Truck Driving Jobs","TWT | Team CDL A Drivers Version B","tbl_intermodal","0","1",NULL,"2019-08-24 16:15:20"
"1306","jjw-experienced-cdl-a-drivers/truckdrivingjobs/versionB","Truck Driving Jobs","JJW | Experience CDL A Drivers | Bulk Transport Tanker Version B","tbl_intermodal","0","1",NULL,"2019-08-24 16:16:39"
"1307","systemtrans-experienced-cdl-a-drivers/randallreilly/versionB","Randall Reilly","System Trans | Experienced CDL A Drivers Version B","tbl_intermodal","0","1",NULL,"2019-08-24 16:18:21"
"1308","systemtrans-team-cdl-a-drivers/randallreilly/versionB","Randall Reilly","System Transport | Team CDL A Drivers Version B","tbl_intermodal","0","1",NULL,"2019-08-24 16:19:45"
"1309","twt-experienced-cdl-a-drivers/randallreilly/versionB","Randall Reilly","TWT | Experienced CDL A Drivers Version B","tbl_intermodal","0","1",NULL,"2019-08-24 16:20:50"
"1310","twt-team-cdl-a-drivers/randallreilly/versionB","Randall Reilly","TWT | Team CDL A Drivers Version B","tbl_intermodal","0","1",NULL,"2019-08-24 16:21:56"
"1311","jjw-experienced-cdl-a-drivers/randallreilly/versionB","Randall Reilly","JJW | Experience CDL A Drivers | Bulk Transport Tanker Version B","tbl_intermodal","0","1",NULL,"2019-08-24 16:23:00"
"1312","systemtrans-experienced-cdl-a-drivers/facebook/versionB","Facebook","System Trans | Experienced CDL A Drivers Version B","tbl_intermodal","0","1",NULL,"2019-08-24 16:24:08"
"1313","systemtrans-team-cdl-a-drivers/facebook/versionB","Facebook","System Transport | Team CDL A Drivers Version B","tbl_intermodal","0","1",NULL,"2019-08-24 16:25:20"
"1314","twt-experienced-cdl-a-drivers/facebook/versionB","Facebook","TWT | Experienced CDL A Drivers Version B","tbl_intermodal","0","1",NULL,"2019-08-24 16:27:06"
"1315","twt-team-cdl-a-drivers/facebook/versionB","Facebook","TWT | Team CDL A Drivers Version B","tbl_intermodal","0","1",NULL,"2019-08-24 16:28:07"
"1316","jjw-experienced-cdl-a-drivers/facebook/versionB","Facebook","JJW | Experience CDL A Drivers | Bulk Transport Tanker Version B","tbl_intermodal","0","1",NULL,"2019-08-24 16:29:37"
"1317","systemtrans-experienced-cdl-a-drivers/google/versionB","Google","System Trans | Experienced CDL A Drivers Version B","tbl_intermodal","0","1",NULL,"2019-08-24 16:32:48"
"1318","systemtrans-team-cdl-a-drivers/google/versionA","Google","System Transport | Team CDL A Drivers","tbl_intermodal","0","1",NULL,"2019-08-27 13:52:14"
"1319","twt-experienced-cdl-a-drivers/google/versionA","Google","TWT | Experienced CDL A Drivers ","tbl_intermodal","0","1",NULL,"2019-08-27 13:54:10"
"1320","twt-team-cdl-a-drivers/google/versionA","Google","TWT | Team CDL A Drivers","tbl_intermodal","0","1",NULL,"2019-08-27 13:56:55"
"1321","jjw-experienced-cdl-a-drivers/google/versionA","Google","JJW | Experience CDL A Drivers | Tanker","tbl_intermodal","0","1",NULL,"2019-08-27 14:11:47"
"1322","systemtrans-team-cdl-a-drivers/google/versionB","Google","System Transport | Team CDL A Drivers Version B","tbl_intermodal","0","1",NULL,"2019-08-27 14:16:23"
"1323","twt-experienced-cdl-a-drivers/google/versionB","Google","TWT | Experienced CDL A Drivers Version B","tbl_intermodal","0","1",NULL,"2019-08-27 14:20:48"
"1324","twt-team-cdl-a-drivers/google/versionB","Google","TWT | Team CDL A Drivers Version B","tbl_intermodal","0","1",NULL,"2019-08-27 14:23:20"
"1325","jjw-experienced-cdl-a-drivers/google/versionB","Google","JJW | Experience CDL A Drivers | Bulk Transport Tanker Version B","tbl_intermodal","0","1",NULL,"2019-08-27 14:27:19"
"1326","systemtrans-experienced-cdl-a-drivers/craigslist/div290","Craigslist","System Trans | $5K Sign-On Bonus","tbl_intermodal","0","1",NULL,"2019-11-04 15:16:37"
"1327","systemtrans-experienced-cdl-a-drivers/google/div290","Google","System Transport | $5K Sign-On Bonus","tbl_intermodal","0","1",NULL,"2019-11-04 17:16:31"
"1328","systemtrans-experienced-cdl-a-drivers/cdlmarketing/div290","CDL Marketing","System Trans | $5K Sign-On Bonus","tbl_intermodal","0","1",NULL,"2019-11-04 17:18:12"
"1329","systemtrans-experienced-cdl-a-drivers/craigslist/div290chicagoarea","Craigslist","System Trans | $5K Sign-On Bonus","tbl_intermodal","0","1",NULL,"2019-11-05 16:35:16"
"1330","systemtrans-experienced-cdl-a-drivers/craigslist/div290kansascitymo","Craigslist","System Trans | $5K Sign-On Bonus","tbl_intermodal","0","1",NULL,"2019-11-05 16:39:41"
"1331","systemtrans-experienced-cdl-a-drivers/craigslist/div290desmoines","Craigslist","System Trans | $5K Sign-On Bonus","tbl_intermodal","0","1",NULL,"2019-11-05 16:54:32"
"1332","systemtrans-experienced-cdl-a-drivers/craigslist/div290indianapolis","Craigslist","System Trans | $5K Sign-On Bonus","tbl_intermodal","0","1",NULL,"2019-11-05 16:56:47"
"1333","systemtrans-experienced-cdl-a-drivers/craigslist/div290topeka","Craigslist","System Trans | $5K Sign-On Bonus","tbl_intermodal","0","1",NULL,"2019-11-05 16:58:20"
"1334","systemtrans-experienced-cdl-a-drivers/craigslist/div290omaha","Craigslist","System Trans | $5K Sign-On Bonus","tbl_intermodal","0","1",NULL,"2019-11-05 17:02:22"
"1335","systemtrans-experienced-cdl-a-drivers/craigslist/div290clevelandarea","Craigslist","System Trans | $5K Sign-On-Bonus","tbl_intermodal","0","1",NULL,"2019-11-05 17:04:34"
"1336","systemtrans-experienced-cdl-a-drivers/craigslist/div290columbus","Craigslist","System Trans | $5K Sign-On Bonus","tbl_intermodal","0","1",NULL,"2019-11-05 17:07:58"
"1337","systemtrans-experienced-cdl-a-drivers/truckdrivingjobscdlapp/versionA","Truck Driving Jobs - CDLApp.com","System Trans | Experienced CDL A Drivers","tbl_intermodal","0","1",NULL,"2019-11-27 12:12:32"
"1338","systemtrans-experienced-cdl-a-drivers/ziprecruiter/versionA","ZipRecruiter","System Trans | Experienced CDL A Drivers","tbl_intermodal","0","1",NULL,"2019-12-16 14:17:30"
"1339","jjw-experienced-cdl-a-drivers/ziprecruiter/versionA","ZipRecruiter","JJW | Experience CDL A Drivers | Tanker & Bulk Transport","tbl_intermodal","0","1",NULL,"2019-12-16 14:21:00"
